-- phpMyAdmin SQL Dump
-- version 4.8.1
-- https://www.phpmyadmin.net/
--
-- Host: 127.0.0.1
-- Generation Time: 04-Nov-2018 às 21:19
-- Versão do servidor: 10.1.33-MariaDB
-- PHP Version: 7.2.6

SET SQL_MODE = "NO_AUTO_VALUE_ON_ZERO";
SET AUTOCOMMIT = 0;
START TRANSACTION;
SET time_zone = "+00:00";


/*!40101 SET @OLD_CHARACTER_SET_CLIENT=@@CHARACTER_SET_CLIENT */;
/*!40101 SET @OLD_CHARACTER_SET_RESULTS=@@CHARACTER_SET_RESULTS */;
/*!40101 SET @OLD_COLLATION_CONNECTION=@@COLLATION_CONNECTION */;
/*!40101 SET NAMES utf8mb4 */;

--
-- Database: `trabalho_java_forum_test`
--

-- --------------------------------------------------------

--
-- Estrutura da tabela `clientes`
--

CREATE TABLE `clientes` (
  `cliente_id` int(11) NOT NULL,
  `cliente_nome` varchar(50) NOT NULL,
  `cliente_sobrenome` varchar(50) NOT NULL,
  `cliente_dtNascimento` date NOT NULL,
  `cliente_sexo` varchar(1) NOT NULL,
  `endereco_id` int(11) NOT NULL,
  `empresa_id` int(11) NOT NULL,
  `usuario_id` int(11) NOT NULL
) ENGINE=InnoDB DEFAULT CHARSET=utf8;

--
-- Extraindo dados da tabela `clientes`
--

INSERT INTO `clientes` (`cliente_id`, `cliente_nome`, `cliente_sobrenome`, `cliente_dtNascimento`, `cliente_sexo`, `endereco_id`, `empresa_id`, `usuario_id`) VALUES
(9, 'SegundoTeste4', 'TesteSegundo4', '2010-10-10', 'M', 8, 6, 9),
(10, 'SegundoTeste3', 'TesteSegundo3', '1996-11-18', 'M', 9, 9, 10);

-- --------------------------------------------------------

--
-- Estrutura da tabela `empresas`
--

CREATE TABLE `empresas` (
  `empresa_id` int(11) NOT NULL,
  `empresa_nomeFantasia` varchar(50) NOT NULL,
  `empresa_cnpj` varchar(50) NOT NULL,
  `empresa_razaoSocial` varchar(50) NOT NULL,
  `endereco_id` int(11) NOT NULL
) ENGINE=InnoDB DEFAULT CHARSET=utf8;

--
-- Extraindo dados da tabela `empresas`
--

INSERT INTO `empresas` (`empresa_id`, `empresa_nomeFantasia`, `empresa_cnpj`, `empresa_razaoSocial`, `endereco_id`) VALUES
(6, 'N/A', '0', 'N/A', 11),
(9, 'TesteTeste', '12342', 'Teste', 12);

-- --------------------------------------------------------

--
-- Estrutura da tabela `enderecos`
--

CREATE TABLE `enderecos` (
  `endereco_id` int(11) NOT NULL,
  `endereco_rua` varchar(50) NOT NULL,
  `endereco_numero` varchar(10) NOT NULL,
  `endereco_bairro` varchar(50) NOT NULL,
  `endereco_cidade` varchar(50) NOT NULL,
  `uf_id` int(11) NOT NULL
) ENGINE=InnoDB DEFAULT CHARSET=utf8;

--
-- Extraindo dados da tabela `enderecos`
--

INSERT INTO `enderecos` (`endereco_id`, `endereco_rua`, `endereco_numero`, `endereco_bairro`, `endereco_cidade`, `uf_id`) VALUES
(7, 'Rua Positivo', '432', 'Bairro Alienware', 'Cidade Acer', 8),
(8, 'Teste da Rua4', '1234', 'Teste do Bairro4', 'Teste da Cidade4', 12),
(9, 'TesteOi3', '3213', 'OiTeste3', 'OiTesteOi3', 24),
(10, 'd555', 'a1555', 'a555', 'a555', 15),
(11, 'N/A', '0', 'N/A', 'N/A', 30),
(12, 'Rua do Teste', '123', 'Bairro do Teste', 'Cidade do Teste', 1),
(13, 'Rua do Teste2', '1232', 'Bairro do Teste2', 'Cidade do Teste2', 14);

-- --------------------------------------------------------

--
-- Estrutura da tabela `tickets`
--

CREATE TABLE `tickets` (
  `ticket_id` int(11) NOT NULL,
  `ticket_titulo` varchar(100) NOT NULL,
  `ticket_mensagem` varchar(500) NOT NULL,
  `ticket_status` varchar(20) NOT NULL,
  `ticket_tempoInicio` timestamp NOT NULL DEFAULT CURRENT_TIMESTAMP ON UPDATE CURRENT_TIMESTAMP,
  `ticket_tempoFim` timestamp NOT NULL DEFAULT '0000-00-00 00:00:00',
  `ticket_situacao` varchar(15) NOT NULL,
  `usuario_id` int(11) NOT NULL
) ENGINE=InnoDB DEFAULT CHARSET=utf8;

-- --------------------------------------------------------

--
-- Estrutura da tabela `topicos`
--

CREATE TABLE `topicos` (
  `topico_id` int(11) NOT NULL,
  `topico_titulo` varchar(50) NOT NULL,
  `topico_mensagem` varchar(500) NOT NULL,
  `topico_status` varchar(20) NOT NULL,
  `topico_duracao` date NOT NULL,
  `usuario_id` int(11) NOT NULL
) ENGINE=InnoDB DEFAULT CHARSET=utf8;

-- --------------------------------------------------------

--
-- Estrutura da tabela `ufs`
--

CREATE TABLE `ufs` (
  `uf_id` int(11) NOT NULL,
  `uf_sigla` varchar(3) NOT NULL,
  `uf_nome` varchar(50) NOT NULL
) ENGINE=InnoDB DEFAULT CHARSET=utf8;

--
-- Extraindo dados da tabela `ufs`
--

INSERT INTO `ufs` (`uf_id`, `uf_sigla`, `uf_nome`) VALUES
(1, 'PR', 'Paraná'),
(2, 'SC', 'Santa Catarina'),
(5, 'MS', 'Mato Grosso do Sul'),
(7, 'RJ', 'Rio de janeiro'),
(8, 'AC', 'Acre'),
(9, 'AL', 'Alagoas'),
(10, 'AP', 'Amapa'),
(11, 'AM', 'Amazonas'),
(12, 'BA', 'Bahia'),
(13, 'CE', 'Ceara'),
(14, 'DF', 'Distrito Federal'),
(15, 'ES', 'Espirito Santo'),
(16, 'GO', 'Goias'),
(17, 'MA', 'Maranhao'),
(18, 'MT', 'Mato Grosso'),
(19, 'MG', 'Minas Gerais'),
(20, 'PA', 'Para'),
(21, 'PB', 'Paraiba'),
(22, 'PE', 'Pernambuco'),
(23, 'PI', 'Piaui'),
(24, 'RN', 'Rio Grande do Norte'),
(25, 'RS', 'Rio Grande do Sul'),
(26, 'RO', 'Rondonia'),
(27, 'SP', 'Sao Paulo'),
(28, 'SE', 'Sergipe'),
(29, 'TO', 'Tocantins'),
(30, 'N/A', 'N/A');

-- --------------------------------------------------------

--
-- Estrutura da tabela `usuarios`
--

CREATE TABLE `usuarios` (
  `usuario_id` int(11) NOT NULL,
  `usuario_nomeConta` varchar(50) NOT NULL,
  `usuario_senha` varchar(50) NOT NULL,
  `usuario_tipoAcesso` varchar(50) NOT NULL,
  `usuario_dataDeCadastro` date NOT NULL,
  `usuario_dataDeAlteracao` date DEFAULT NULL,
  `usuario_apelido` varchar(50) DEFAULT NULL,
  `usuario_errosLogin` int(4) NOT NULL,
  `usuario_ticketResolvidos` int(4) NOT NULL
) ENGINE=InnoDB DEFAULT CHARSET=utf8;

--
-- Extraindo dados da tabela `usuarios`
--

INSERT INTO `usuarios` (`usuario_id`, `usuario_nomeConta`, `usuario_senha`, `usuario_tipoAcesso`, `usuario_dataDeCadastro`, `usuario_dataDeAlteracao`, `usuario_apelido`, `usuario_errosLogin`, `usuario_ticketResolvidos`) VALUES
(1, 'admin', '12345', 'administrador', '0000-00-00', '0000-00-00', 'Master', 1, 0),
(2, 'operador', '123456789@', 'operador', '0000-00-00', '0000-00-00', 'oi', 0, 0),
(9, 'TesteTeste', '12345', 'Cliente', '2018-10-30', NULL, NULL, 0, 0),
(10, 'OiOiOi', '12345', 'Cliente', '2018-10-30', '2018-11-04', NULL, 0, 0),
(11, 'memo', '12345', 'Cliente', '2018-10-30', NULL, NULL, 0, 0),
(12, 'memo', '12345', 'Cliente', '2018-10-30', NULL, NULL, 0, 0),
(13, 'memo', '12345', 'Cliente', '2018-10-30', NULL, NULL, 0, 0),
(14, 'memo5', '12345', 'Cliente', '2018-10-30', '2018-11-04', NULL, 0, 0);

--
-- Indexes for dumped tables
--

--
-- Indexes for table `clientes`
--
ALTER TABLE `clientes`
  ADD PRIMARY KEY (`cliente_id`),
  ADD KEY `endereco_id` (`endereco_id`),
  ADD KEY `empresa_id` (`empresa_id`),
  ADD KEY `usuario_id` (`usuario_id`);

--
-- Indexes for table `empresas`
--
ALTER TABLE `empresas`
  ADD PRIMARY KEY (`empresa_id`),
  ADD UNIQUE KEY `empresa_cnpj` (`empresa_cnpj`),
  ADD KEY `endereco_id` (`endereco_id`);

--
-- Indexes for table `enderecos`
--
ALTER TABLE `enderecos`
  ADD PRIMARY KEY (`endereco_id`),
  ADD KEY `uf_id` (`uf_id`);

--
-- Indexes for table `tickets`
--
ALTER TABLE `tickets`
  ADD PRIMARY KEY (`ticket_id`),
  ADD KEY `usuario_id` (`usuario_id`);

--
-- Indexes for table `topicos`
--
ALTER TABLE `topicos`
  ADD PRIMARY KEY (`topico_id`),
  ADD KEY `usuario_id` (`usuario_id`);

--
-- Indexes for table `ufs`
--
ALTER TABLE `ufs`
  ADD PRIMARY KEY (`uf_id`);

--
-- Indexes for table `usuarios`
--
ALTER TABLE `usuarios`
  ADD PRIMARY KEY (`usuario_id`);

--
-- AUTO_INCREMENT for dumped tables
--

--
-- AUTO_INCREMENT for table `clientes`
--
ALTER TABLE `clientes`
  MODIFY `cliente_id` int(11) NOT NULL AUTO_INCREMENT, AUTO_INCREMENT=12;

--
-- AUTO_INCREMENT for table `empresas`
--
ALTER TABLE `empresas`
  MODIFY `empresa_id` int(11) NOT NULL AUTO_INCREMENT, AUTO_INCREMENT=10;

--
-- AUTO_INCREMENT for table `enderecos`
--
ALTER TABLE `enderecos`
  MODIFY `endereco_id` int(11) NOT NULL AUTO_INCREMENT, AUTO_INCREMENT=14;

--
-- AUTO_INCREMENT for table `tickets`
--
ALTER TABLE `tickets`
  MODIFY `ticket_id` int(11) NOT NULL AUTO_INCREMENT;

--
-- AUTO_INCREMENT for table `topicos`
--
ALTER TABLE `topicos`
  MODIFY `topico_id` int(11) NOT NULL AUTO_INCREMENT;

--
-- AUTO_INCREMENT for table `ufs`
--
ALTER TABLE `ufs`
  MODIFY `uf_id` int(11) NOT NULL AUTO_INCREMENT, AUTO_INCREMENT=31;

--
-- AUTO_INCREMENT for table `usuarios`
--
ALTER TABLE `usuarios`
  MODIFY `usuario_id` int(11) NOT NULL AUTO_INCREMENT, AUTO_INCREMENT=15;

--
-- Constraints for dumped tables
--

--
-- Limitadores para a tabela `clientes`
--
ALTER TABLE `clientes`
  ADD CONSTRAINT `clientes_ibfk_1` FOREIGN KEY (`endereco_id`) REFERENCES `enderecos` (`endereco_id`),
  ADD CONSTRAINT `clientes_ibfk_2` FOREIGN KEY (`empresa_id`) REFERENCES `empresas` (`empresa_id`),
  ADD CONSTRAINT `clientes_ibfk_3` FOREIGN KEY (`usuario_id`) REFERENCES `usuarios` (`usuario_id`);

--
-- Limitadores para a tabela `empresas`
--
ALTER TABLE `empresas`
  ADD CONSTRAINT `empresas_ibfk_1` FOREIGN KEY (`endereco_id`) REFERENCES `enderecos` (`endereco_id`);

--
-- Limitadores para a tabela `enderecos`
--
ALTER TABLE `enderecos`
  ADD CONSTRAINT `enderecos_ibfk_1` FOREIGN KEY (`uf_id`) REFERENCES `ufs` (`uf_id`);

--
-- Limitadores para a tabela `tickets`
--
ALTER TABLE `tickets`
  ADD CONSTRAINT `tickets_ibfk_1` FOREIGN KEY (`usuario_id`) REFERENCES `usuarios` (`usuario_id`);

--
-- Limitadores para a tabela `topicos`
--
ALTER TABLE `topicos`
  ADD CONSTRAINT `topicos_ibfk_1` FOREIGN KEY (`usuario_id`) REFERENCES `usuarios` (`usuario_id`);
COMMIT;

/*!40101 SET CHARACTER_SET_CLIENT=@OLD_CHARACTER_SET_CLIENT */;
/*!40101 SET CHARACTER_SET_RESULTS=@OLD_CHARACTER_SET_RESULTS */;
/*!40101 SET COLLATION_CONNECTION=@OLD_COLLATION_CONNECTION */;
